-- Клиенты
INSERT INTO customers (id, first_name, last_name, email, phone, created_at, password) VALUES
      (1, 'Иван', 'Иванов', 'ivan@mail.ru', '+79001234567', '2026-05-18 02:24:17.918008', NULL),
      (2, 'Диана', 'Русаловская', 'rus@swag.com', '+799998887766', '2026-05-18 03:41:39.003742', NULL),
      (3, 'Grisha', 'Kokiev', 'kokiev252525@gmail.com', '+89998887766', '2026-05-18 14:19:23.07729', NULL),
      (5, 'Умар', 'Шабазов', 'umar@mail.ru', '+79957779501', '2026-05-18 14:55:06.756313', NULL),
      (6, 'Равиль', 'Свегер', 'Rav@mail.ru', '+79001112233', '2026-05-19 11:03:58.545449', '$2a$10$1Ul17F7TeHIH9sw3zLAqJOXp7UC2DF0svFH8/ha1HIuGoWAEZ.Lr6'),
      (7, 'Диана', 'Русаловская', 'kokiev25@gmail.com', '+79001112233', '2026-05-19 11:18:25.224928', '$2a$10$9eNfBR8c678089HG/RfSGeOtk33qPacOj54qq7y6D62EgXPk2D8y2'),
      (8, 'igor', 'gore', 'igor@mail.ru', '+89998887766', '2026-05-19 16:31:31.940759', NULL);

SELECT setval('customers_id_seq', 9, true);

-- Заказы
INSERT INTO orders (id, customer_id, employee_id, status, total_amount, order_date) VALUES
    (1, 1, NULL, 'CANCELLED', 121997.00, '2026-05-18 02:24:31.16717'),
    (2, 3, NULL, 'PAID', 55000.00, '2026-05-18 14:19:23.121727'),
    (9, 5, NULL, 'PAID', 1200000.00, '2026-05-18 14:56:34.19394'),
    (10, 3, NULL, 'PAID', 55000.00, '2026-05-18 16:31:15.55247'),
    (26, 3, NULL, 'PAID', 120000.00, '2026-05-18 16:34:34.415979'),
    (27, 3, NULL, 'PAID', 270000.00, '2026-05-18 16:36:28.882859'),
    (30, 7, NULL, 'PAID', 47997.00, '2026-05-19 16:11:02.082366'),
    (32, 7, NULL, 'PAID', 89999.00, '2026-05-19 16:24:36.375434'),
    (33, 8, NULL, 'PAID', 55000.00, '2026-05-19 16:31:31.956643'),
    (34, 7, NULL, 'PAID', 179998.00, '2026-05-20 04:28:51.805081'),
    (35, 7, NULL, 'PAID', 15999.00, '2026-05-20 04:32:18.599358'),
    (36, 7, NULL, 'PAID', 89999.00, '2026-05-20 04:55:02.591716'),
    (37, 7, NULL, 'PAID', 55000.00, '2026-05-20 12:43:32.232333');

SELECT setval('orders_id_seq', 37, true);

-- Позиции заказов
INSERT INTO order_items (id, order_id, product_id, quantity, unit_price) VALUES
     (1, 1, 1, 1, 89999.00),
     (2, 1, 3, 2, 15999.00),
     (3, 2, 4, 1, 55000.00),
     (4, 9, 2, 10, 120000.00),
     (5, 10, 4, 1, 55000.00),
     (6, 26, 2, 1, 120000.00),
     (7, 27, 5, 6, 45000.00),
     (8, 30, 3, 3, 15999.00),
     (9, 32, 1, 1, 89999.00),
     (10, 33, 4, 1, 55000.00),
     (11, 34, 1, 2, 89999.00),
     (12, 35, 3, 1, 15999.00),
     (13, 36, 1, 1, 89999.00),
     (14, 37, 4, 1, 55000.00);

SELECT setval('order_items_id_seq', 14, true);

-- Платежи
INSERT INTO payments (id, order_id, amount, method, status, paid_at) VALUES
     (1, 1, 121997.00, 'CARD', 'PAID', '2026-05-18 02:25:00.76786'),
     (2, 9, 1200000.00, 'CASH', 'PAID', '2026-05-18 14:57:28.547899'),
     (3, 2, 55000.00, 'ONLINE', 'PAID', '2026-05-18 14:57:41.38506'),
     (4, 10, 55000.00, 'CARD', 'PAID', '2026-05-18 16:32:08.982038'),
     (5, 26, 120000.00, 'CARD', 'PAID', '2026-05-18 16:34:45.017652'),
     (6, 27, 270000.00, 'CARD', 'PAID', '2026-05-18 16:36:46.516165'),
     (7, 32, 89999.00, 'ONLINE', 'PAID', '2026-05-19 23:38:49.529093'),
     (8, 34, 179998.00, 'ONLINE', 'PAID', '2026-05-20 04:28:51.844753'),
     (10, 36, 89999.00, 'ONLINE', 'PAID', '2026-05-20 04:55:02.608647'),
     (11, 37, 55000.00, 'ONLINE', 'PAID', '2026-05-20 12:43:32.253527'),
     (13, 30, 47997.00, 'CASH', 'PAID', '2026-05-20 20:14:28.552878'),
     (16, 33, 55000.00, 'CARD', 'PAID', '2026-05-20 20:15:12.769936');

SELECT setval('payments_id_seq', 16, true);